<?xml version="1.0" encoding="UTF-8"?>
<extentreports>
    <configuration>
        <!-- report theme -->
        <!-- standard, dark -->
        <theme>dark</theme>

        <!-- viewstyle -->
        <!-- alt-view -->
        <viewstyle></viewstyle>

        <!-- document encoding -->
        <!-- defaults to UTF-8 -->
        <encoding>UTF-8</encoding>

        <!-- offline report -->
        <enableOfflineMode>false</enableOfflineMode>

        <!-- enable or disable timeline on dashboard -->
        <enableTimeline>true</enableTimeline>

        <!-- title of the document -->
        <documentTitle>Extent Framework</documentTitle>

        <!-- report name - displayed at top-nav -->
        <reportName>Build 1</reportName>

        <!-- timestamp format -->
        <timeStampFormat>MMM dd, yyyy HH:mm:ss</timeStampFormat>

        <!-- custom javascript -->
        <scripts>
            <![CDATA[
                $(document).ready(function() {

                });
            ]]>
        </scripts>

        <!-- custom styles -->
        <styles>
            <![CDATA[

            ]]>
        </styles>
    </configuration>
</extentreports>