<?xml version="1.0" encoding="UTF-8"?>
<Configuration status="WARN">
    <Properties>
        <Property name="logPath">extentreport</Property>
    </Properties>
    <Appenders>
        <Console name="console" target="SYSTEM_OUT">
            <PatternLayout pattern="[%-5level] %d{HH:mm:ss.SSS} %logger{36}.%M() - %msg%n"/>
        </Console>
        <RollingFile name="rollingFile" fileName="${logPath}/automation.log" filePattern="${logPath}/automation_%d{yyyy-MM-dd}.log">
            <PatternLayout pattern="[%-5level] %d{HH:mm:ss.SSS} %logger{36}.%M() - %msg%n"/>
            <Policies>
                <OnStartupTriggeringPolicy/>
                <TimeBasedTriggeringPolicy interval="1" modulate="true"/>
            </Policies>
        </RollingFile>
    </Appenders>
    <Loggers>
        <Root level="INFO" additivity="false">
            <AppenderRef ref="console"/>
            <AppenderRef ref="rollingFile"/>
        </Root>
    </Loggers>
</Configuration>